Datum,00,01,02,03,04,05,06,07,08,09,10,11,12,13,14,15,16,17,18,19,20,21,22,23
1996-06-01,282.0,218.5,177.8,170.0,171.5,175.4,216.4,316.2,436.2,529.1,560.0,581.3,618.7,597.9,534.0,504.1,492.0,506.1,565.7,612.8,587.3,522.5,504.9,423.5
1996-06-02,303.5,225.7,184.6,171.4,169.3,165.2,173.8,235.4,380.9,542.8,632.0,696.8,709.5,594.0,488.0,421.3,367.1,371.0,429.0,514.8,540.0,509.7,474.9,366.1
1996-06-03,248.6,185.2,168.1,158.3,164.8,200.1,330.7,438.2,478.3,486.5,470.3,479.4,532.9,515.7,445.1,401.1,387.7,413.7,480.2,557.7,562.6,532.0,488.1,378.5
1996-06-04,247.8,184.6,167.6,157.8,164.4,199.5,329.7,436.9,477.0,485.2,468.9,478.1,531.3,514.2,443.7,399.9,386.5,412.5,478.7,556.1,561.0,530.5,486.6,377.4
1996-06-05,247.3,184.1,167.1,157.4,163.8,199.0,328.7,435.7,475.6,483.8,467.6,476.7,530.0,512.8,442.5,398.9,385.4,411.3,477.4,554.6,559.5,529.0,485.2,376.3
1996-06-06,300.0,223.1,182.4,169.4,167.4,163.2,172.0,232.7,376.6,536.7,624.9,688.9,701.5,587.4,482.4,416.4,362.9,366.8,424.1,509.2,533.8,503.9,469.4,361.9
1996-06-07,245.8,183.2,166.2,156.6,163.0,197.8,326.9,433.2,473.1,481.2,465.1,474.1,527.0,509.9,440.1,396.7,383.3,409.0,474.8,551.5,556.3,526.1,482.6,374.3
1996-06-08,276.5,214.3,174.3,166.7,168.2,172.1,212.2,310.1,427.7,518.7,549.0,570.0,606.7,586.1,523.5,494.2,482.3,496.1,554.6,600.9,575.9,512.4,495.0,415.2
1996-06-09,297.6,221.4,180.9,168.1,165.9,162.0,170.5,230.9,373.6,532.4,619.9,683.4,695.8,582.6,478.6,413.3,360.0,363.9,420.7,505.0,529.6,499.9,465.8,359.0
1996-06-10,243.9,181.6,165.0,155.3,161.7,196.4,324.3,429.8,469.2,477.4,461.4,470.4,522.8,506.0,436.6,393.6,380.2,405.9,471.1,547.2,551.9,521.9,478.7,371.3
1996-06-11,243.2,181.2,164.6,154.9,161.3,195.8,323.5,428.8,468.1,476.2,460.2,469.1,521.6,504.7,435.6,392.5,379.4,404.9,470.0,545.9,550.6,520.7,477.5,370.4
1996-06-12,242.6,180.8,164.2,154.6,160.9,195.3,322.8,427.7,466.9,475.0,459.2,468.0,520.4,503.5,434.5,391.7,378.5,403.9,468.8,544.4,549.1,519.4,476.4,369.4
1996-06-13,242.1,180.4,163.8,154.2,160.5,194.8,321.9,426.5,465.8,473.8,458.0,467.0,518.9,502.3,433.5,390.5,377.4,402.9,467.6,543.2,547.8,518.0,475.3,368.6
1996-06-14,241.5,180.0,163.4,153.8,160.1,194.3,321.3,425.7,464.7,472.8,456.9,465.8,517.7,501.0,432.3,389.7,376.6,402.0,466.5,541.9,546.6,516.8,474.1,367.8
1996-06-15,271.7,210.6,171.3,163.7,165.3,169.1,208.5,304.8,420.2,509.8,539.6,560.2,596.2,576.0,514.5,485.6,474.0,487.6,545.1,590.5,565.9,503.5,486.5,408.0
1996-06-16,292.5,217.7,177.9,165.3,163.1,159.2,167.7,226.9,367.3,523.3,609.5,671.9,684.2,572.8,470.5,406.2,353.9,357.7,413.7,496.5,520.7,491.6,458.0,353.0
1996-06-17,239.9,178.8,162.3,152.8,159.1,193.1,319.1,422.7,461.6,469.6,453.8,462.6,514.2,497.7,429.4,387.0,374.1,399.1,463.3,538.2,542.8,513.3,471.0,365.2
1996-06-18,239.3,178.4,161.9,152.4,158.7,192.6,318.4,421.8,460.5,468.5,452.9,461.6,513.1,496.6,428.5,386.2,373.3,398.3,462.4,537.1,541.6,512.3,469.8,364.5
1996-06-19,238.8,178.0,161.5,152.0,158.3,192.3,317.7,421.0,459.6,467.6,451.9,460.7,512.1,495.5,427.7,385.4,372.5,397.5,461.4,535.9,540.5,511.2,468.9,363.7
1996-06-20,238.4,177.6,161.1,151.8,158.0,191.9,317.1,420.1,458.6,466.5,450.9,459.7,511.1,494.5,426.9,384.6,371.8,396.7,460.5,534.8,539.5,510.0,468.0,362.9
1996-06-21,237.8,177.2,160.9,151.6,157.7,191.5,316.4,419.3,457.7,465.7,450.1,458.8,509.9,493.6,426.0,383.9,371.0,395.9,459.4,533.8,538.4,509.2,466.9,362.2
1996-06-22,267.8,207.5,168.9,161.3,162.9,166.6,205.5,300.4,414.1,502.4,531.8,552.0,587.5,567.7,507.0,478.6,467.1,480.6,537.2,581.9,557.8,496.3,479.3,402.1
1996-06-23,288.5,214.5,175.5,163.0,160.9,157.1,165.3,223.8,362.1,516.0,600.8,662.4,674.3,564.7,463.9,400.5,349.0,352.8,407.7,489.4,513.3,484.7,451.4,347.9
1996-06-24,236.5,176.2,159.9,150.7,156.8,190.4,314.6,416.9,455.3,463.0,447.5,456.3,507.1,490.8,423.6,381.8,369.0,393.8,456.9,530.8,535.3,506.3,464.4,360.2
1996-06-25,236.2,175.9,159.6,150.4,156.5,190.1,314.1,416.3,454.4,462.1,446.8,455.5,506.3,489.9,422.8,381.1,368.2,393.0,456.1,529.9,534.5,505.5,463.5,359.6
1996-06-26,235.8,175.6,159.5,150.1,156.3,189.7,313.6,415.5,453.7,461.6,446.1,454.7,505.5,489.1,422.1,380.5,367.7,392.4,455.4,529.0,533.7,504.6,462.8,359.1
1996-06-27,235.4,175.4,159.1,150.0,156.1,189.5,313.1,414.8,453.0,460.8,445.3,453.9,504.7,488.3,421.4,379.9,367.0,391.8,454.6,528.2,532.8,503.8,462.0,358.4
1996-06-28,235.0,175.0,159.1,149.6,155.9,189.2,312.6,414.3,452.2,460.1,444.7,453.1,503.9,487.5,420.7,379.3,366.6,391.1,453.9,527.3,531.9,503.0,461.5,357.8
1996-06-29,264.7,205.1,166.8,159.6,161.0,164.7,203.0,296.8,409.3,496.6,525.6,545.6,580.7,561.0,501.2,473.0,461.8,474.9,530.9,575.1,551.2,490.4,473.8,397.4
1996-06-30,285.3,212.3,173.5,161.1,159.1,155.2,163.4,221.2,358.0,510.2,594.1,654.9,666.9,558.4,458.7,396.0,345.0,348.7,403.2,484.0,507.7,479.1,446.3,344.1
1996-07-01,234.0,174.4,158.3,149.1,155.2,188.4,311.3,412.4,450.2,458.1,442.7,451.3,501.7,485.6,419.0,377.7,365.0,389.5,452.0,525.1,529.6,500.8,459.5,356.3
1996-07-02,233.6,174.0,158.0,148.8,154.9,188.0,310.8,411.9,449.7,457.5,442.1,450.7,501.1,484.8,418.5,377.1,364.5,389.1,451.5,524.3,528.9,500.2,458.8,355.9
1996-07-03,233.4,173.8,157.9,148.7,154.8,188.0,310.4,411.5,449.2,456.9,441.6,450.3,500.4,484.4,417.9,376.6,364.0,388.4,450.8,523.8,528.3,499.5,458.3,355.5
1996-07-04,233.1,173.6,157.7,148.4,154.5,187.6,310.1,410.9,448.6,456.5,441.1,449.7,499.9,483.6,417.4,376.2,363.6,388.0,450.4,523.1,527.6,499.0,457.8,355.0
1996-07-05,232.9,173.5,157.5,148.4,154.5,187.6,309.8,410.4,448.1,455.9,440.7,449.1,499.3,483.2,417.0,375.8,363.2,387.6,449.9,522.6,527.1,498.5,457.2,354.6
1996-07-06,262.4,203.4,165.4,158.1,159.6,163.2,201.3,294.3,405.8,492.4,521.2,541.0,575.7,556.3,496.9,469.0,457.8,470.8,526.3,570.2,546.5,486.2,469.8,394.0
1996-07-07,282.9,210.4,172.0,159.8,157.9,154.0,162.0,219.4,355.2,506.1,589.3,649.7,661.4,553.8,455.0,392.8,342.3,346.0,399.9,480.1,503.5,475.3,442.8,341.2
1996-07-08,232.3,173.0,157.1,148.0,154.1,187.0,309.0,409.2,446.9,454.5,439.3,447.9,497.9,481.8,415.9,374.7,362.2,386.5,448.7,521.2,525.6,497.0,455.9,353.6
1996-07-09,232.0,172.8,156.9,147.7,153.8,186.8,308.6,408.9,446.5,454.2,439.0,447.5,497.5,481.4,415.5,374.5,361.8,386.2,448.3,520.6,525.1,496.6,455.6,353.4
1996-07-10,231.9,172.8,156.7,147.6,153.7,186.6,308.5,408.8,446.1,453.9,438.7,447.2,497.1,481.0,415.1,374.2,361.6,385.9,447.9,520.3,524.7,496.2,455.2,353.0
1996-07-11,231.6,172.5,156.7,147.6,153.7,186.6,308.2,408.4,445.9,453.6,438.4,446.9,496.7,480.7,414.7,373.9,361.4,385.7,447.5,520.0,524.4,495.9,454.9,352.8
1996-07-12,231.6,172.5,156.6,147.6,153.6,186.4,308.1,408.0,445.6,453.3,438.0,446.6,496.6,480.4,414.7,373.7,361.0,385.4,447.4,519.6,524.1,495.6,454.6,352.5
1996-07-13,260.9,202.3,164.4,157.2,158.8,162.4,200.3,292.8,403.7,489.8,518.4,538.1,572.7,553.5,494.2,466.5,455.4,468.4,523.5,567.2,543.6,483.7,467.3,391.9
1996-07-14,281.7,209.5,171.2,159.0,157.1,153.3,161.3,218.4,353.5,503.6,586.4,646.6,658.3,551.1,452.9,390.8,340.7,344.3,398.1,477.8,501.0,472.9,440.7,339.6
1996-07-15,231.2,172.3,156.3,147.2,153.3,186.2,307.6,407.6,444.9,452.6,437.5,446.0,495.8,479.8,413.9,373.1,360.6,384.9,446.7,518.9,523.3,494.9,454.0,352.1
1996-07-16,231.2,172.1,156.3,147.2,153.3,186.1,307.4,407.4,444.8,452.5,437.3,445.8,495.6,479.6,413.9,373.0,360.5,384.8,446.6,518.6,523.1,494.7,453.8,352.1
1996-07-17,231.1,172.1,156.3,147.2,153.3,186.0,307.4,407.2,444.7,452.4,437.2,445.7,495.4,479.4,413.8,373.0,360.4,384.6,446.4,518.5,523.1,494.6,453.7,351.8
1996-07-18,231.1,172.1,156.3,147.2,153.3,186.0,307.4,407.2,444.5,452.3,437.2,445.7,495.4,479.4,413.6,372.9,360.2,384.5,446.3,518.5,522.9,494.5,453.6,351.8
1996-07-19,231.0,172.1,156.3,147.2,153.3,186.0,307.3,407.2,444.5,452.2,437.1,445.6,495.4,479.3,413.5,372.8,360.2,384.5,446.3,518.4,522.9,494.4,453.6,351.7
1996-07-20,260.5,201.9,164.3,157.1,158.5,162.1,199.9,292.2,402.9,488.9,517.4,537.1,571.6,552.3,493.3,465.7,454.6,467.5,522.6,566.1,542.7,482.8,466.4,391.2
1996-07-21,281.2,209.1,171.0,158.9,156.9,153.1,161.1,218.1,353.0,503.0,585.7,645.7,657.4,550.5,452.2,390.4,340.1,343.9,397.5,477.2,500.4,472.5,440.0,339.2
1996-07-22,231.0,172.1,156.3,147.2,153.3,186.0,307.4,407.2,444.5,452.2,437.2,445.6,495.4,479.4,413.5,372.9,360.2,384.5,446.3,518.4,522.9,494.4,453.6,351.7
1996-07-23,231.1,172.1,156.3,147.2,153.3,186.0,307.4,407.2,444.6,452.3,437.2,445.7,495.4,479.4,413.8,372.9,360.2,384.5,446.3,518.5,522.9,494.6,453.6,351.8
1996-07-24,231.2,172.1,156.3,147.2,153.3,186.0,307.4,407.4,444.8,452.5,437.2,445.7,495.5,479.4,413.9,373.0,360.5,384.6,446.4,518.6,523.1,494.7,453.7,352.0
1996-07-25,231.2,172.1,156.3,147.2,153.3,186.2,307.5,407.6,444.9,452.5,437.4,445.8,495.8,479.7,413.9,373.1,360.6,384.9,446.6,518.8,523.3,494.8,453.9,352.1
1996-07-26,231.2,172.3,156.4,147.2,153.3,186.2,307.7,407.6,445.1,452.7,437.6,446.1,495.8,479.8,414.1,373.3,360.6,384.9,446.7,518.9,523.5,495.0,454.0,352.1
1996-07-27,260.9,202.2,164.4,157.2,158.7,162.4,200.3,292.7,403.7,489.7,518.3,537.9,572.6,553.1,494.2,466.5,455.4,468.3,523.5,567.1,543.6,483.6,467.1,391.9
1996-07-28,281.7,209.6,171.3,159.1,157.1,153.5,161.5,218.7,353.7,504.0,586.9,647.1,658.7,551.5,453.2,391.2,340.8,344.5,398.3,478.2,501.4,473.3,440.9,339.9
1996-07-29,231.6,172.5,156.7,147.6,153.7,186.5,308.1,408.4,445.7,453.4,438.3,446.7,496.6,480.6,414.7,373.8,361.3,385.6,447.5,519.7,524.3,495.8,454.8,352.7
1996-07-30,231.7,172.7,156.7,147.6,153.7,186.6,308.3,408.4,446.0,453.7,438.5,447.0,497.0,481.0,415.1,374.1,361.4,385.7,447.8,520.1,524.6,496.0,455.0,352.9
1996-07-31,232.0,172.8,156.9,147.7,153.7,186.7,308.6,408.8,446.4,454.1,438.8,447.4,497.4,481.3,415.3,374.3,361.8,386.1,448.0,520.5,525.0,496.4,455.4,353.2
1996-08-01,232.0,172.9,157.1,147.9,153.9,186.9,308.7,409.2,446.7,454.5,439.2,447.7,497.8,481.6,415.5,374.6,362.0,386.4,448.4,520.9,525.4,496.8,455.8,353.4
1996-08-02,232.3,173.1,157.1,148.0,154.1,187.0,309.0,409.6,447.0,454.9,439.6,448.1,498.2,482.0,415.9,374.9,362.2,386.7,448.8,521.3,525.9,497.2,456.2,353.8
1996-08-03,262.2,203.2,165.3,158.0,159.5,163.2,201.3,294.1,405.6,492.0,520.8,540.7,575.5,556.0,496.6,468.9,457.5,470.6,526.0,569.9,546.3,486.1,469.5,393.8
1996-08-04,283.3,210.8,172.3,160.1,158.1,154.3,162.3,219.8,355.7,506.9,590.2,650.7,662.6,554.6,455.7,393.3,342.8,346.5,400.6,480.8,504.1,476.1,443.5,341.8
1996-08-05,233.1,173.6,157.5,148.4,154.5,187.6,310.0,410.8,448.4,456.1,440.8,449.5,499.6,483.5,417.2,376.1,363.4,387.9,450.1,522.9,527.4,498.7,457.5,354.9
1996-08-06,233.2,173.8,157.9,148.5,154.7,187.8,310.4,411.2,448.9,456.7,441.4,449.9,500.2,484.0,417.7,376.5,363.8,388.3,450.8,523.5,528.0,499.4,458.0,355.3
1996-08-07,233.6,174.0,157.9,148.8,154.9,188.0,310.7,411.6,449.4,457.3,441.9,450.5,500.8,484.5,418.2,376.9,364.2,388.7,451.2,524.2,528.6,499.9,458.6,355.7
1996-08-08,234.0,174.2,158.3,148.9,155.1,188.4,311.1,412.3,450.1,457.7,442.5,451.1,501.5,485.2,418.7,377.4,364.6,389.2,451.8,524.7,529.3,500.6,459.2,356.1
1996-08-09,234.1,174.4,158.3,149.2,155.3,188.5,311.5,412.7,450.6,458.5,443.1,451.6,502.0,485.9,419.3,377.9,365.2,389.8,452.4,525.5,530.0,501.2,459.7,356.7
1996-08-10,264.4,205.0,166.7,159.3,160.9,164.6,203.0,296.6,409.1,496.3,525.2,545.2,580.3,560.7,500.9,472.8,461.5,474.6,530.5,574.7,550.9,490.1,473.5,397.2
1996-08-11,285.9,212.7,173.9,161.4,159.5,155.6,163.8,221.8,358.7,511.3,595.4,656.5,668.4,559.6,459.8,396.8,345.8,349.5,404.2,485.1,508.7,480.3,447.4,344.9
1996-08-12,235.3,175.2,159.1,149.9,156.0,189.3,312.9,414.6,452.6,460.5,445.1,453.5,504.3,488.0,421.1,379.6,366.8,391.5,454.3,527.9,532.4,503.5,461.9,358.2
1996-08-13,235.6,175.5,159.5,150.0,156.3,189.7,313.4,415.2,453.4,461.3,445.7,454.3,505.1,488.7,421.9,380.2,367.4,392.2,455.1,528.7,533.3,504.3,462.6,358.7
1996-08-14,235.9,175.8,159.5,150.4,156.5,190.0,313.8,416.0,454.2,462.0,446.5,455.1,505.9,489.6,422.5,380.8,368.0,392.8,455.8,529.5,534.1,505.1,463.4,359.4
1996-08-15,236.3,176.1,159.9,150.5,156.7,190.3,314.5,416.7,454.9,462.8,447.3,455.9,506.7,490.4,423.2,381.5,368.6,393.4,456.6,530.4,534.9,506.0,464.2,359.9
1996-08-16,236.8,176.5,160.3,150.8,157.1,190.7,315.0,417.3,455.7,463.7,448.1,456.7,507.8,491.3,424.0,382.2,369.4,394.2,457.4,531.4,536.1,506.8,465.0,360.6
1996-08-17,267.5,207.4,168.6,161.2,162.8,166.5,205.3,300.1,413.9,502.1,531.4,551.6,587.1,567.3,506.7,478.4,466.8,480.2,536.8,581.5,557.4,495.9,479.1,401.8
1996-08-18,289.4,215.3,175.9,163.4,161.5,157.6,165.7,224.5,363.2,517.5,602.7,664.4,676.4,566.4,465.3,401.7,350.0,353.8,409.0,491.0,514.9,486.0,452.8,349.1
1996-08-19,238.2,177.4,161.1,151.6,157.9,191.7,316.8,419.8,458.3,466.2,450.6,459.3,510.7,494.1,426.5,384.4,371.4,396.3,460.2,534.4,539.1,509.7,467.7,362.7
1996-08-20,238.7,177.8,161.5,152.0,158.3,192.1,317.5,420.7,459.3,467.3,451.5,460.4,511.7,495.1,427.3,385.2,372.2,397.1,461.0,535.5,540.1,510.8,468.5,363.4
1996-08-21,239.2,178.1,161.8,152.4,158.6,192.5,318.1,421.5,460.1,468.1,452.5,461.2,512.7,496.2,428.1,386.0,373.0,398.0,462.0,536.7,541.2,512.0,469.5,364.2
1996-08-22,239.7,178.5,162.1,152.7,158.9,193.0,318.8,422.4,461.2,469.2,453.5,462.3,513.8,497.3,429.1,386.8,373.8,398.9,462.9,537.8,542.4,513.0,470.6,365.1
1996-08-23,240.1,178.9,162.4,153.0,159.2,193.4,319.5,423.4,462.1,470.2,454.5,463.2,515.0,498.4,430.1,387.7,374.6,399.8,464.0,538.9,543.6,514.0,471.6,365.8
1996-08-24,271.4,210.4,171.1,163.6,165.2,168.9,208.4,304.5,419.9,509.4,539.2,559.7,595.7,575.6,514.1,485.3,473.8,487.2,544.7,590.0,565.5,503.1,486.1,407.7
1996-08-25,293.7,218.5,178.6,165.8,163.9,160.0,168.2,227.9,368.6,525.4,611.8,674.5,686.7,575.0,472.4,407.8,355.4,359.2,415.2,498.4,522.7,493.4,459.7,354.4
1996-08-26,241.9,180.2,163.5,154.0,160.3,194.7,321.8,426.5,465.5,473.4,457.6,466.6,518.5,501.9,433.1,390.5,377.3,402.5,467.2,542.8,547.4,517.6,474.9,368.3
1996-08-27,242.5,180.6,164.0,154.4,160.7,195.2,322.5,427.3,466.6,474.6,458.8,467.7,520.0,503.1,434.1,391.3,378.2,403.6,468.4,544.0,548.7,519.0,476.1,369.3
1996-08-28,243.1,181.2,164.4,154.8,161.1,195.7,323.3,428.5,467.8,475.8,460.0,468.8,521.2,504.3,435.2,392.2,379.0,404.5,469.6,545.5,550.2,520.3,477.2,370.1
1996-08-29,243.7,181.6,164.8,155.2,161.5,196.2,324.3,429.5,469.0,477.0,461.0,470.0,522.4,505.6,436.3,393.3,380.1,405.6,470.8,546.8,551.4,521.5,478.4,371.2
1996-08-30,244.3,182.0,165.2,155.6,162.0,196.6,324.9,430.6,470.2,478.3,462.2,471.2,523.8,506.8,437.5,394.3,381.0,406.6,471.9,548.2,553.0,523.0,479.7,372.1
1996-08-31,276.1,214.2,174.2,166.5,168.1,172.0,212.1,309.8,427.3,518.3,548.6,569.6,606.2,585.7,523.1,493.8,482.1,495.7,554.2,600.3,575.5,512.0,494.6,414.8
1996-09-01,299.1,222.4,181.8,168.9,166.7,162.8,171.2,231.9,375.3,534.8,622.7,686.5,699.0,585.3,480.8,415.2,361.7,365.6,422.7,507.3,532.2,502.3,467.8,360.6
1996-09-02,246.3,183.4,166.6,156.8,163.3,198.3,327.7,434.1,473.9,482.2,466.0,475.1,528.0,511.1,441.1,397.5,384.1,410.0,475.7,552.6,557.5,527.1,483.5,375.0
1996-09-03,247.0,184.1,167.0,157.3,163.8,198.8,328.5,435.3,475.2,483.5,467.2,476.3,529.6,512.5,442.3,398.6,385.1,411.1,477.0,554.2,559.1,528.6,484.9,376.2
1996-09-04,247.7,184.5,167.5,157.8,164.2,199.4,329.4,436.6,476.6,484.8,468.7,477.8,531.0,513.9,443.5,399.7,386.2,412.2,478.6,555.7,560.6,530.1,486.3,377.2
1996-09-05,248.5,185.0,168.0,158.2,164.7,199.9,330.3,437.8,478.0,486.3,470.0,479.0,532.5,515.3,444.8,400.9,387.4,413.4,479.8,557.3,562.2,531.7,487.7,378.2
1996-09-06,249.1,185.6,168.5,158.7,165.2,200.6,331.4,439.1,479.4,487.7,471.5,480.6,534.1,516.9,446.1,402.0,388.5,414.7,481.2,559.0,563.8,533.2,489.1,379.3
1996-09-07,281.8,218.4,177.6,169.9,171.4,175.3,216.3,316.1,435.8,528.8,559.7,580.9,618.3,597.5,533.6,503.7,491.7,505.7,565.3,612.4,587.0,522.2,504.5,423.2
1996-09-08,305.0,227.0,185.4,172.2,170.3,166.0,174.8,236.8,382.9,545.7,635.4,700.6,713.2,597.2,490.6,423.5,369.0,373.1,431.3,517.7,542.9,512.5,477.4,368.1
1996-09-09,251.5,187.2,170.0,160.2,166.7,202.4,334.4,443.1,483.9,492.1,475.6,484.9,539.0,521.7,450.1,405.7,392.1,418.4,485.6,564.1,569.0,538.1,493.6,382.8
1996-09-10,252.2,187.9,170.5,160.6,167.1,202.9,335.4,444.6,485.2,493.7,477.1,486.4,540.7,523.3,451.5,407.0,393.3,419.7,487.2,565.9,570.8,539.7,495.1,384.1
1996-09-11,253.0,188.4,171.1,161.1,167.8,203.7,336.6,445.8,486.8,495.3,478.7,487.9,542.5,524.8,452.9,408.3,394.5,421.2,488.8,567.7,572.5,541.4,496.7,385.2
1996-09-12,253.8,189.1,171.6,161.6,168.3,204.3,337.6,447.4,488.3,496.9,480.2,489.5,544.1,526.6,454.4,409.5,395.7,422.4,490.2,569.5,574.4,543.1,498.2,386.5
1996-09-13,254.6,189.7,172.3,162.2,168.7,205.0,338.7,448.8,489.9,498.5,481.7,491.1,545.9,528.2,455.8,410.9,397.1,423.8,491.8,571.4,576.4,545.0,499.9,387.7
1996-09-14,288.1,223.2,181.6,173.6,175.3,179.3,221.1,323.1,445.5,540.5,572.2,594.0,632.1,610.8,545.5,514.9,502.6,517.0,577.9,626.0,600.1,533.9,515.7,432.7
1996-09-15,293.5,216.5,170.2,154.1,150.3,150.7,159.2,228.3,387.3,555.5,644.5,714.4,723.7,587.2,474.5,421.4,373.6,389.1,479.0,560.4,538.9,501.2,444.4,327.4
1996-09-16,232.7,171.8,154.7,150.6,153.9,183.8,324.7,453.2,480.3,474.9,461.4,465.6,522.7,508.9,442.9,396.3,370.8,406.4,506.0,600.6,587.1,544.8,474.1,350.2
1996-09-17,233.5,172.4,155.2,151.1,154.4,184.6,325.7,454.7,481.9,476.5,462.9,467.1,524.5,510.6,444.4,397.5,372.1,407.8,507.8,602.7,589.0,546.8,475.8,351.4
1996-09-18,234.3,173.0,155.7,151.6,155.0,185.1,326.8,456.3,483.6,478.2,464.5,468.6,526.2,512.2,445.8,399.0,373.5,409.1,509.4,604.8,591.1,548.5,477.3,352.8
1996-09-19,235.1,173.6,156.4,152.0,155.5,185.9,328.0,457.9,485.3,479.9,466.1,470.3,528.0,514.2,447.4,400.3,374.7,410.6,511.3,606.8,593.2,550.4,479.0,353.9
1996-09-20,235.9,174.2,156.8,152.7,156.0,186.4,329.1,459.6,486.9,481.6,467.7,471.9,529.9,516.0,449.0,401.7,376.0,412.1,513.0,608.9,595.2,552.4,480.6,355.1
1996-09-21,260.0,200.1,165.1,155.7,153.4,160.4,208.2,331.5,460.9,534.5,580.4,610.8,644.7,630.8,573.3,528.4,520.8,566.5,651.5,703.9,641.2,523.6,492.6,414.1
1996-09-22,300.6,221.9,174.4,158.0,153.9,154.3,163.1,233.9,396.7,569.1,660.2,731.8,741.3,601.5,486.0,431.7,382.7,398.5,490.7,574.0,552.0,513.4,455.2,335.2
1996-09-23,238.4,176.1,158.5,154.4,157.7,188.4,332.6,464.3,492.1,486.6,472.8,477.1,535.4,521.5,453.8,405.9,380.0,416.4,518.5,615.5,601.6,558.3,485.8,358.9
1996-09-24,239.2,176.7,159.1,154.8,158.3,189.0,333.9,466.1,493.9,488.5,474.4,478.7,537.4,523.2,455.4,407.4,381.4,418.0,520.4,617.7,603.7,560.3,487.5,360.2
1996-09-25,240.0,177.3,159.6,155.5,158.8,189.7,335.0,467.7,495.7,490.2,476.1,480.4,539.3,525.2,457.1,409.0,382.8,419.4,522.3,619.8,606.0,562.3,489.4,361.6
1996-09-26,241.1,178.0,160.3,156.0,159.4,190.4,336.4,469.5,497.5,492.1,477.9,482.3,541.4,527.1,458.8,410.4,384.1,420.9,524.2,622.2,608.2,564.4,491.1,362.7
1996-09-27,241.9,178.6,160.8,156.4,160.0,191.1,337.6,471.2,499.3,493.8,479.6,484.0,543.5,529.0,460.4,411.8,385.6,422.5,526.1,624.5,610.5,566.4,493.0,364.1
1996-09-28,266.6,205.3,169.4,159.6,157.4,164.6,213.5,339.9,472.7,548.2,595.3,626.4,661.3,646.9,588.0,542.1,534.2,581.0,668.2,722.0,657.7,537.1,505.2,424.7
1996-09-29,308.4,227.5,178.8,162.0,157.9,158.3,167.3,239.9,406.9,583.8,677.3,750.7,760.5,617.0,498.6,442.9,392.6,409.0,503.3,588.9,566.2,526.7,467.1,343.8
1996-09-30,244.6,180.6,162.7,158.4,161.8,193.3,341.2,476.4,504.9,499.4,485.1,489.5,549.4,535.0,465.7,416.5,390.0,427.3,532.0,631.5,617.3,572.9,498.4,368.2
1996-10-01,245.6,181.4,163.2,158.8,162.4,194.1,342.6,478.3,506.9,501.2,486.8,491.3,551.5,537.0,467.3,418.2,391.3,428.8,534.0,633.9,619.6,575.0,500.4,369.6
1996-10-02,246.5,182.0,163.9,159.6,163.0,194.7,343.8,480.2,508.7,503.2,488.7,493.1,553.6,539.0,469.2,419.6,392.8,430.5,536.1,636.3,621.9,577.1,502.2,371.1
1996-10-03,313.0,231.1,181.6,164.5,160.3,160.7,169.8,243.6,413.2,592.6,687.7,762.2,772.0,626.5,506.2,449.5,398.6,415.0,511.0,597.8,574.9,534.7,474.1,349.0
1996-10-04,248.4,183.3,165.1,160.8,164.3,196.3,346.6,483.8,512.7,507.0,492.4,497.0,557.9,543.1,472.8,422.8,395.9,433.8,540.2,641.1,626.8,581.6,506.1,373.8
1996-10-05,273.9,210.7,173.9,163.9,161.4,169.1,219.3,349.1,485.4,562.9,611.2,643.3,679.0,664.3,603.7,556.6,548.5,596.6,686.1,741.4,675.3,551.5,518.8,436.2
1996-10-06,316.7,233.8,183.7,166.4,162.3,162.7,171.8,246.2,418.0,599.5,695.5,771.1,781.0,633.7,512.1,454.8,403.3,420.0,516.9,604.8,581.5,540.8,479.7,353.1
1996-10-07,251.3,185.6,167.0,162.6,166.1,198.5,350.6,489.4,518.7,512.8,498.2,502.7,564.4,549.5,478.3,427.9,400.4,438.9,546.5,648.6,634.0,588.4,511.9,378.2
1996-10-08,252.3,186.3,167.7,163.2,166.8,199.2,351.9,491.3,520.7,514.8,500.2,504.7,566.6,551.7,480.2,429.5,402.0,440.6,548.6,651.1,636.4,590.6,513.9,379.6
1996-10-09,253.3,186.9,168.3,164.0,167.5,200.1,353.2,493.2,522.7,516.9,502.0,506.6,568.7,553.7,481.9,431.2,403.6,442.2,550.6,653.6,639.0,592.9,516.0,381.2
1996-10-10,254.1,187.7,169.0,164.4,168.1,200.9,354.8,495.1,524.7,518.9,504.0,508.6,571.0,555.9,483.8,432.8,405.2,444.0,552.9,656.3,641.4,595.2,518.1,382.6
1996-10-11,255.2,188.4,169.7,165.2,168.8,201.6,356.1,497.1,526.7,521.0,506.0,510.6,573.3,558.1,485.8,434.5,406.8,445.8,555.0,658.8,643.9,597.6,520.0,384.2
1996-10-12,281.4,216.6,178.8,168.3,166.1,173.7,225.4,358.6,499.0,578.6,628.1,661.0,697.8,682.6,620.5,572.0,563.7,613.1,705.2,762.0,693.9,566.8,533.2,448.1
1996-10-13,325.5,240.3,188.8,171.0,166.7,167.1,176.6,253.1,429.6,616.0,714.8,792.4,802.7,651.2,526.3,467.4,414.5,431.7,531.3,621.6,597.7,555.9,493.0,362.9
1996-10-14,258.3,190.7,171.7,167.2,170.8,204.1,360.4,503.0,533.1,527.1,512.0,516.7,580.1,564.7,491.6,439.8,411.6,451.1,561.6,666.7,651.7,604.6,526.2,388.8
1996-10-15,259.2,191.5,172.3,167.6,171.4,205.0,361.7,505.0,535.1,529.3,514.1,518.7,582.4,567.0,493.6,441.4,413.3,452.9,563.9,669.3,654.2,607.0,528.3,390.3
1996-10-16,260.3,192.2,173.1,168.4,172.2,205.7,363.1,507.1,537.3,531.4,516.1,520.8,584.7,569.3,495.5,443.2,415.0,454.6,566.2,672.0,656.8,609.5,530.4,391.8
1996-10-17,261.3,193.0,173.8,169.2,172.9,206.5,364.7,509.1,539.5,533.4,518.2,522.9,587.1,571.6,497.5,445.0,416.6,456.5,568.4,674.7,659.5,611.9,532.5,393.4
1996-10-18,262.4,193.8,174.3,169.8,173.4,207.4,366.1,511.2,541.5,535.6,520.2,524.9,589.4,573.8,499.5,446.8,418.2,458.3,570.7,677.3,662.1,614.4,534.6,395.0
1996-10-19,289.4,222.7,183.8,173.1,170.6,178.6,231.6,368.8,512.9,594.8,645.8,679.6,717.4,701.9,637.9,588.1,579.6,630.4,725.0,783.4,713.4,582.6,548.1,460.8
1996-10-20,334.7,247.0,194.1,175.9,171.5,171.9,181.6,260.3,441.6,633.6,735.0,814.8,825.3,669.5,541.1,480.6,426.0,443.7,546.2,639.0,614.5,571.6,506.8,373.2
1996-10-21,265.5,195.9,176.7,172.0,175.8,209.7,370.5,517.3,548.3,542.2,526.6,531.4,596.4,580.7,505.5,452.0,423.4,463.7,577.5,685.4,670.0,621.8,541.0,399.7
1996-10-22,266.6,196.7,177.1,172.4,176.2,210.5,372.1,519.3,550.3,544.2,528.6,533.4,598.8,583.0,507.5,454.0,425.0,465.7,579.8,688.1,672.6,624.2,543.2,401.4
1996-10-23,267.7,197.5,177.9,173.2,177.0,211.5,373.4,521.3,552.5,546.2,530.6,535.4,601.2,585.3,509.5,455.7,426.6,467.5,582.1,690.9,675.4,626.7,545.4,402.9
1996-10-24,268.7,198.4,178.7,174.0,177.8,212.3,375.0,523.5,554.7,548.6,532.8,537.6,603.6,587.7,511.6,457.6,428.2,469.4,584.5,693.6,678.0,629.3,547.6,404.5
1996-10-25,269.8,199.2,179.5,174.6,178.6,213.2,376.4,525.5,557.1,550.6,535.0,539.9,606.1,590.1,513.6,459.4,430.0,471.2,586.8,696.5,680.8,631.7,549.8,406.1
1996-10-26,297.5,229.0,189.0,177.9,175.4,183.6,238.1,379.3,527.3,611.6,664.1,698.8,737.7,721.8,655.9,604.7,595.9,648.2,745.3,805.4,733.6,599.2,563.5,473.8
1996-10-27,344.1,253.9,199.6,180.7,176.3,176.7,186.7,267.6,454.2,651.3,755.7,837.7,848.5,688.5,556.4,494.3,438.1,456.4,561.7,657.0,632.0,587.7,521.1,383.8
1996-10-28,273.0,201.6,181.5,176.8,180.6,215.7,380.9,531.8,563.5,557.4,541.4,546.3,613.4,597.1,519.7,464.9,435.2,476.8,593.8,704.9,688.8,639.4,556.4,411.0
1996-10-29,274.1,202.4,182.3,177.3,181.4,216.6,382.5,533.9,565.9,559.6,543.5,548.5,615.7,599.5,521.7,466.7,437.0,478.8,596.2,707.7,691.7,641.9,558.6,412.6
1996-10-30,275.3,203.1,182.9,178.0,182.0,217.4,384.0,536.0,568.1,561.8,545.6,550.5,618.2,601.8,523.8,468.6,438.6,480.6,598.5,710.5,694.4,644.4,560.8,414.4
1996-10-31,276.3,204.0,183.7,178.8,182.7,218.3,385.5,538.1,570.3,564.0,547.9,552.9,620.7,604.2,525.9,470.5,440.4,482.6,600.8,713.3,697.2,647.0,563.0,415.9
1996-11-01,325.6,234.4,187.8,171.4,161.3,160.9,170.5,208.2,368.7,576.9,725.4,844.6,860.9,720.7,566.9,485.6,444.4,523.6,651.4,734.2,666.9,564.5,477.9,352.4
1996-11-02,280.4,221.2,176.1,166.0,160.8,167.5,222.1,342.6,500.6,592.5,618.2,648.2,696.6,693.4,641.7,601.1,605.3,754.7,875.6,878.6,719.0,560.6,512.2,434.6
1996-11-03,328.1,236.3,189.2,172.8,162.5,162.1,171.9,209.9,371.6,581.3,731.1,851.2,867.7,726.3,571.5,489.4,447.9,527.7,656.6,740.0,672.2,568.9,481.7,355.3
1996-11-04,245.7,181.7,166.6,162.4,164.9,197.6,379.6,545.3,562.6,519.2,489.8,498.7,550.7,545.7,486.1,441.8,443.5,542.1,700.4,788.3,709.0,594.1,491.8,364.1
1996-11-05,246.7,182.5,167.4,162.8,165.5,198.4,381.1,547.5,564.8,521.3,491.8,500.6,553.0,547.8,488.0,443.5,445.2,544.3,703.1,791.5,711.8,596.5,493.6,365.6
1996-11-06,247.7,183.2,167.9,163.6,166.2,199.0,382.6,549.5,567.0,523.3,493.8,502.5,555.1,549.9,489.8,445.2,446.9,546.4,705.8,794.4,714.5,598.8,495.5,367.0
1996-11-07,248.6,183.9,168.6,164.1,166.8,199.8,384.2,551.8,569.2,525.2,495.5,504.5,557.3,552.0,491.8,447.0,448.6,548.5,708.5,797.6,717.3,601.1,497.5,368.3
1996-11-08,249.5,184.6,169.3,164.8,167.5,200.6,385.6,553.8,571.4,527.2,497.4,506.4,559.4,554.2,493.8,448.8,450.4,550.7,711.3,800.6,720.1,603.3,499.3,369.8
1996-11-09,288.2,227.3,180.9,170.6,165.3,172.2,228.2,352.1,514.3,608.8,635.2,666.0,715.8,712.5,659.4,617.8,621.9,775.6,899.7,902.8,738.8,576.1,526.4,446.6
1996-11-10,337.3,242.8,194.5,177.4,167.0,166.6,176.6,215.6,381.9,597.4,751.2,874.6,891.6,746.3,587.1,502.9,460.2,542.2,674.6,760.2,690.6,584.6,494.9,364.9
1996-11-11,252.4,186.8,171.2,166.8,169.4,203.0,390.0,560.2,578.1,533.4,503.2,512.3,565.9,560.7,499.4,453.8,455.6,557.0,719.5,809.9,728.3,610.4,505.1,374.1
1996-11-12,253.5,187.4,171.9,167.3,170.1,203.6,391.5,562.4,580.2,535.5,505.2,514.2,568.1,562.7,501.3,455.6,457.2,559.1,722.2,812.9,731.1,612.7,507.0,375.5
1996-11-13,254.3,188.2,172.5,168.0,170.7,204.5,393.0,564.4,582.4,537.5,507.0,516.2,570.2,564.8,503.2,457.4,459.2,561.2,724.9,816.0,734.0,615.0,509.0,377.0
1996-11-14,255.3,188.9,173.2,168.6,171.3,205.3,394.4,566.7,584.6,539.5,509.0,518.1,572.4,567.0,505.2,459.0,460.8,563.4,727.7,819.1,736.6,617.3,510.9,378.3
1996-11-15,256.2,189.5,173.9,169.2,172.0,206.0,395.9,568.7,586.8,541.5,510.8,520.1,574.4,569.2,506.9,460.7,462.5,565.5,730.4,822.2,739.5,619.7,512.8,379.8
1996-11-16,295.8,233.4,185.8,175.1,169.7,176.8,234.2,361.6,528.1,625.2,652.3,683.9,735.0,731.6,676.9,634.4,638.6,796.4,923.7,927.0,758.6,591.6,540.5,458.6
1996-11-17,346.2,249.1,199.6,182.2,171.5,171.0,181.2,221.4,392.0,613.3,771.3,897.9,915.3,766.2,602.7,516.3,472.5,556.6,692.5,780.7,709.1,600.1,508.1,374.7
1996-11-18,259.1,191.6,175.8,171.2,173.9,208.3,400.4,575.1,593.3,547.5,516.6,525.9,580.9,575.4,512.7,465.9,467.7,571.7,738.5,831.3,747.7,626.5,518.5,384.0
1996-11-19,260.0,192.3,176.4,171.7,174.5,209.1,401.7,577.2,595.5,549.6,518.4,527.9,582.9,577.6,514.5,467.6,469.5,573.9,741.3,834.5,750.4,628.7,520.4,385.4
1996-11-20,260.9,193.1,177.1,172.4,175.2,209.9,403.3,579.3,597.7,551.6,520.4,529.7,585.3,579.7,516.4,469.3,471.1,575.9,743.9,837.3,753.1,631.2,522.4,386.8
1996-11-21,262.0,193.8,177.7,173.0,175.7,210.6,404.7,581.4,599.8,553.6,522.3,531.6,587.3,581.7,518.2,471.0,472.7,577.9,746.7,840.5,755.9,633.5,524.3,388.2
1996-11-22,262.9,194.4,178.3,173.6,176.4,211.4,406.2,583.6,601.9,555.6,524.0,533.6,589.4,583.9,520.2,472.6,474.4,580.1,749.3,843.4,758.6,635.8,526.1,389.6
1996-11-23,303.5,239.3,190.6,179.6,174.1,181.4,240.4,370.8,541.7,641.2,669.1,701.5,753.9,750.3,694.4,650.6,655.0,816.8,947.6,950.9,778.1,606.8,554.4,470.3
1996-11-24,354.9,255.7,204.8,186.8,175.8,175.4,186.0,227.1,402.0,628.9,791.0,920.7,938.7,785.7,618.2,529.5,484.5,570.9,710.3,800.5,727.1,615.5,521.1,384.3
1996-11-25,265.6,196.5,180.2,175.4,178.3,213.6,410.4,589.7,608.4,561.5,529.6,539.2,595.6,590.0,525.6,477.7,479.5,586.3,757.2,852.4,766.6,642.4,531.7,393.7
1996-11-26,266.6,197.1,180.8,176.1,178.9,214.4,411.9,591.7,610.5,563.3,531.5,541.1,597.7,592.1,527.5,479.4,481.1,588.3,759.8,855.4,769.3,644.6,533.5,395.0
1996-11-27,267.4,197.9,181.5,176.6,179.6,215.0,413.3,593.7,612.5,565.3,533.3,543.0,599.8,594.0,529.3,481.0,482.8,590.3,762.5,858.3,771.9,646.9,535.4,396.4
1996-11-28,268.4,198.6,182.2,177.3,180.1,215.8,414.7,595.8,614.7,567.3,535.2,544.8,601.8,596.1,531.1,482.6,484.5,592.3,765.1,861.2,774.6,649.1,537.2,397.8
1996-11-29,269.3,199.3,182.7,177.8,180.7,216.5,416.1,597.8,616.8,569.1,536.9,546.6,603.8,598.1,532.9,484.2,486.1,594.3,767.6,864.2,777.2,651.2,539.1,399.2
1996-11-30,310.8,245.1,195.2,184.0,178.4,185.7,246.1,379.8,554.8,656.9,685.4,718.5,772.2,768.6,711.3,666.5,671.0,836.7,970.6,974.0,797.0,621.6,567.8,481.7
1996-12-01,363.5,261.7,209.6,191.3,180.1,179.6,190.5,232.6,411.7,644.0,809.9,943.0,961.2,804.7,633.1,542.2,496.2,584.6,727.4,819.8,744.7,630.2,533.7,393.5
1996-12-02,272.0,201.3,184.6,179.7,182.6,218.7,420.3,603.7,622.9,574.8,542.3,552.1,609.8,604.0,538.1,489.1,491.0,600.3,775.4,872.6,784.9,657.8,544.5,403.1
1996-12-03,272.9,201.8,185.1,180.2,183.1,219.4,421.7,605.7,625.0,576.7,544.1,553.9,611.7,606.0,540.0,490.7,492.6,602.2,777.8,875.5,787.5,659.9,546.2,404.5
1996-12-04,273.9,202.5,185.8,180.9,183.8,220.1,423.0,607.8,627.0,578.5,545.7,555.7,613.7,608.1,541.7,492.3,494.2,604.2,780.3,878.3,789.9,662.1,547.9,405.8
1996-12-05,274.7,203.1,186.2,181.4,184.3,220.9,424.3,609.6,629.0,580.3,547.6,557.4,615.7,609.9,543.5,493.8,495.7,606.1,782.8,881.1,792.5,664.2,549.6,407.0
1996-12-06,275.6,203.8,186.9,181.8,184.9,221.5,425.6,611.6,630.9,582.2,549.3,559.1,617.6,611.8,545.1,495.4,497.2,607.9,785.3,883.9,794.9,666.2,551.5,408.4
1996-12-07,317.8,250.7,199.6,188.2,182.4,189.9,251.6,388.5,567.4,671.7,700.8,734.7,789.8,786.1,727.5,681.5,686.1,855.7,992.7,996.0,815.0,635.6,580.7,492.7
1996-12-08,371.7,267.6,214.3,195.6,184.1,183.6,194.7,237.7,420.9,658.5,828.2,964.2,982.9,822.7,647.2,554.4,507.4,597.6,743.7,838.2,761.4,644.4,545.7,402.4
1996-12-09,278.1,205.7,188.6,183.7,186.7,223.6,429.5,617.1,636.6,587.7,554.2,564.3,623.3,617.4,550.2,499.9,501.8,613.6,792.5,892.0,802.2,672.3,556.5,412.0
1996-12-10,278.9,206.2,189.3,184.2,187.1,224.1,430.8,619.0,638.6,589.3,556.1,565.9,625.2,619.4,551.8,501.5,503.3,615.4,794.8,894.8,804.7,674.4,558.1,413.4
1996-12-11,279.6,206.9,189.8,184.6,187.7,224.9,432.1,620.8,640.5,591.0,557.7,567.6,627.0,621.2,553.5,502.8,504.9,617.2,797.2,897.4,807.0,676.4,559.8,414.4
1996-12-12,280.4,207.5,190.2,185.3,188.3,225.5,433.4,622.6,642.3,592.7,559.3,569.3,628.8,623.0,555.1,504.4,506.2,619.0,799.5,900.0,809.4,678.3,561.3,415.7
1996-12-13,281.2,208.0,190.9,185.8,188.8,226.1,434.6,624.4,644.2,594.4,560.9,571.0,630.6,624.8,556.6,505.9,507.8,620.8,801.8,902.6,811.7,680.3,563.0,416.9
1996-12-14,324.4,256.0,203.8,192.2,186.1,194.0,257.0,396.6,579.2,685.7,715.4,750.0,806.2,802.4,742.5,695.7,700.4,873.3,1013.2,1016.8,832.1,649.0,592.7,502.8
1996-12-15,379.3,273.0,218.7,199.6,188.0,187.4,198.7,242.6,429.5,672.1,845.0,983.9,1003.0,839.5,660.5,565.9,517.8,610.0,758.9,855.3,777.0,657.6,556.9,410.6
1996-12-16,283.7,209.8,192.5,187.4,190.4,228.0,438.2,629.6,649.6,599.4,565.4,575.7,635.9,629.9,561.3,510.0,511.9,626.0,808.5,910.1,818.6,685.8,567.7,420.3
1996-12-17,284.5,210.4,193.0,187.8,190.8,228.8,439.4,631.2,651.2,601.0,567.0,577.3,637.6,631.6,562.8,511.4,513.3,627.7,810.7,912.5,820.7,687.8,569.2,421.4
1996-12-18,285.1,210.9,193.4,188.2,191.4,229.2,440.6,632.9,653.0,602.7,568.5,578.9,639.2,633.2,564.2,512.7,514.7,629.2,812.9,914.9,822.9,689.6,570.7,422.6
1996-12-19,285.9,211.5,193.9,188.9,191.9,229.8,441.7,634.6,654.7,604.3,569.9,580.2,641.0,634.9,565.7,514.0,516.0,631.0,814.9,917.2,824.9,691.4,572.1,423.6
1996-12-20,286.6,212.0,194.5,189.3,192.4,230.5,442.9,636.2,656.3,605.7,571.4,581.7,642.6,636.5,567.2,515.4,517.3,632.5,817.0,919.6,827.2,693.1,573.6,424.9
1996-12-21,330.4,260.7,207.5,195.8,189.6,197.5,261.7,403.9,590.0,698.4,728.8,763.9,821.1,817.3,756.3,708.6,713.4,889.6,1032.1,1035.7,847.6,660.9,603.7,512.1
1996-12-22,386.3,278.0,222.7,203.4,191.3,190.8,202.3,247.0,437.3,684.3,860.6,1001.9,1021.2,854.8,672.7,576.1,527.2,621.1,772.7,870.9,791.1,669.6,567.0,418.1
1996-12-23,288.8,213.6,195.9,190.6,193.7,232.2,446.1,640.9,661.1,610.1,575.7,586.1,647.4,641.3,571.3,519.1,521.1,637.2,823.0,926.4,833.1,698.3,577.9,427.8
1996-12-24,332.9,262.6,209.0,197.0,191.0,198.9,263.5,406.9,594.2,703.4,734.0,769.4,827.0,823.1,761.7,713.7,718.6,896.1,1039.6,1043.1,853.5,665.7,608.1,515.9
1996-12-25,389.0,280.1,224.3,204.7,192.7,192.1,203.8,248.8,440.4,689.1,866.7,1008.9,1028.5,860.9,677.4,580.2,530.9,625.4,778.2,877.0,796.8,674.4,570.9,421.2
1996-12-26,389.8,280.6,224.8,205.2,193.1,192.5,204.3,249.4,441.5,690.7,868.6,1011.3,1030.8,862.9,678.9,581.4,532.1,626.9,780.0,879.0,798.5,675.8,572.3,422.0
1996-12-27,291.4,215.6,197.7,192.5,195.6,234.2,450.2,646.7,667.2,615.8,581.0,591.4,653.2,647.0,576.5,523.8,525.8,643.0,830.5,934.8,840.8,704.5,583.2,431.8
1996-12-28,335.8,264.9,210.9,199.0,192.8,200.8,265.9,410.4,599.6,709.7,740.5,776.3,834.4,830.4,768.6,720.1,724.9,903.9,1048.7,1052.3,861.1,671.6,613.6,520.5
1996-12-29,392.4,282.4,226.2,206.6,194.4,194.0,205.5,250.9,444.3,695.1,874.1,1017.6,1037.3,868.4,683.1,585.2,535.6,630.9,785.0,884.7,803.5,680.2,575.9,424.7
1996-12-30,293.1,216.9,198.9,193.7,196.8,235.8,453.0,650.8,671.3,619.5,584.6,595.1,657.3,651.1,580.0,527.1,529.2,646.9,835.6,940.6,846.0,709.0,586.7,434.5
1996-12-31,337.8,266.6,212.2,200.2,193.8,202.0,267.6,413.0,603.2,713.9,744.9,781.0,839.5,835.5,773.2,724.4,729.3,909.4,1055.1,1058.7,866.4,675.6,617.2,523.6
1997-01-01,388.4,279.6,223.9,204.5,192.4,192.0,203.5,248.4,439.8,688.1,865.4,1007.5,1026.9,859.7,676.3,579.3,530.1,624.5,777.1,875.7,795.6,673.3,570.1,420.4
1997-01-02,290.1,214.6,196.8,191.5,194.8,233.2,448.2,643.9,664.3,612.9,578.2,588.7,650.3,644.1,573.9,521.5,523.6,640.1,826.9,930.8,837.1,701.5,580.5,429.9
1997-01-03,290.5,214.9,197.1,191.8,194.9,233.5,448.8,644.8,665.2,613.8,579.0,589.5,651.2,645.2,574.7,522.3,524.3,641.1,828.0,932.0,838.2,702.4,581.4,430.6
1997-01-04,334.6,263.9,210.1,198.2,192.0,200.0,264.9,408.9,597.2,706.9,737.6,773.4,831.2,827.3,765.5,717.3,722.1,900.5,1044.7,1048.3,858.0,669.1,611.2,518.5
1997-01-05,390.6,281.1,225.2,205.5,193.5,192.9,204.6,249.7,442.2,691.8,870.1,1012.9,1032.5,864.3,680.1,582.5,532.9,627.9,781.2,880.6,799.8,677.0,573.2,422.7
1997-01-06,291.5,215.7,197.8,192.6,195.6,234.4,450.4,647.0,667.6,616.1,581.1,591.7,653.6,647.4,576.8,524.2,526.2,643.3,831.0,935.4,841.2,704.9,583.3,432.0
1997-01-07,291.8,215.9,198.0,192.7,196.0,234.6,450.8,647.8,668.3,616.6,581.8,592.2,654.2,648.1,577.4,524.6,526.6,644.0,831.8,936.3,842.0,705.6,584.1,432.4
1997-01-08,292.2,216.1,198.1,192.9,196.0,234.8,451.3,648.2,668.8,617.2,582.2,592.8,654.8,648.7,577.8,525.1,527.2,644.5,832.6,937.1,842.8,706.2,584.5,432.8
1997-01-09,292.2,216.2,198.3,193.0,196.1,235.0,451.6,648.8,669.3,617.8,582.7,593.3,655.3,649.1,578.4,525.5,527.7,645.1,833.1,937.8,843.4,706.8,584.9,433.2
1997-01-10,292.6,216.4,198.4,193.1,196.4,235.2,452.0,649.2,669.7,618.2,583.0,593.7,655.8,649.5,578.8,525.8,527.9,645.5,833.7,938.5,844.1,707.4,585.3,433.4
1997-01-11,336.6,265.6,211.4,199.4,193.2,201.2,266.5,411.5,600.9,711.3,742.1,778.0,836.3,832.4,770.3,721.8,726.6,906.1,1051.1,1054.9,863.1,673.2,614.9,521.7
1997-01-12,392.7,282.7,226.4,206.6,194.4,194.0,205.6,251.1,444.6,695.7,874.8,1018.4,1038.0,869.1,683.7,585.6,536.0,631.3,785.4,885.3,804.3,680.7,576.3,425.0
1997-01-13,293.0,216.7,198.7,193.4,196.5,235.5,452.6,650.1,670.8,619.0,583.9,594.5,656.7,650.6,579.6,526.6,528.6,646.4,834.8,939.8,845.3,708.2,586.3,434.1
1997-01-14,293.0,216.8,198.8,193.5,196.7,235.6,452.6,650.4,670.9,619.3,584.2,594.7,656.9,650.7,579.8,526.9,528.9,646.6,835.2,940.2,845.5,708.6,586.4,434.2
1997-01-15,293.1,216.9,198.8,193.5,196.8,235.6,452.9,650.5,671.2,619.4,584.2,594.8,657.0,650.9,579.9,527.0,528.9,646.7,835.3,940.3,845.7,708.6,586.5,434.4
1997-01-16,293.1,216.9,198.8,193.5,196.8,235.7,452.9,650.5,671.2,619.4,584.3,594.9,657.1,651.0,579.9,527.0,529.0,646.9,835.6,940.5,845.8,708.8,586.7,434.4
1997-01-17,293.1,216.9,198.8,193.5,196.8,235.7,453.0,650.5,671.2,619.4,584.3,594.9,657.1,651.0,579.9,527.0,529.0,646.9,835.6,940.5,845.8,708.8,586.7,434.4
1997-01-18,337.1,266.0,211.7,199.5,193.4,201.5,266.9,412.0,601.8,712.3,743.3,779.2,837.6,833.7,771.5,722.8,727.7,907.5,1052.7,1056.4,864.5,674.3,615.9,522.5
1997-01-19,393.0,282.9,226.5,206.9,194.7,194.1,205.9,251.4,445.0,696.2,875.5,1019.3,1039.2,869.8,684.3,586.1,536.4,631.9,786.2,886.1,804.9,681.2,576.7,425.4
1997-01-20,293.0,216.7,198.8,193.4,196.6,235.6,452.6,650.3,670.9,619.1,584.2,594.7,656.9,650.7,579.7,526.9,528.9,646.5,835.2,940.1,845.4,708.6,586.4,434.2
1997-01-21,293.0,216.6,198.7,193.4,196.5,235.5,452.5,650.1,670.8,619.0,583.9,594.5,656.7,650.5,579.5,526.6,528.6,646.3,834.8,939.8,845.2,708.2,586.3,434.1
1997-01-22,292.8,216.5,198.6,193.4,196.4,235.5,452.4,649.8,670.4,618.6,583.8,594.2,656.3,650.3,579.3,526.5,528.5,646.1,834.4,939.4,844.9,707.9,586.0,433.8
1997-01-23,292.6,216.5,198.5,193.3,196.4,235.3,452.1,649.6,670.1,618.5,583.4,594.0,656.1,649.9,579.0,526.2,528.2,645.8,834.2,939.0,844.5,707.8,585.6,433.7
1997-01-24,292.6,216.4,198.4,193.1,196.4,235.2,451.9,649.2,669.7,618.2,583.0,593.6,655.8,649.5,578.7,525.8,527.8,645.5,833.6,938.5,844.0,707.4,585.3,433.4
1997-01-25,336.1,265.2,211.0,199.0,192.9,200.9,266.2,410.9,600.2,710.5,741.3,777.1,835.3,831.4,769.5,720.9,725.7,905.0,1049.9,1053.5,862.2,672.4,614.3,521.0
1997-01-26,391.7,281.9,225.8,206.2,194.0,193.6,205.1,250.5,443.4,694.0,872.8,1016.0,1035.6,866.9,682.1,584.2,534.6,629.7,783.6,883.2,802.3,679.1,575.0,424.0
1997-01-27,291.9,215.9,198.0,192.7,196.0,234.6,451.0,647.8,668.4,616.8,581.8,592.4,654.4,648.2,577.5,524.7,526.9,644.1,831.9,936.5,842.3,705.8,584.1,432.6
1997-01-28,291.6,215.7,197.8,192.6,195.6,234.5,450.5,647.3,667.7,616.2,581.4,591.8,653.8,647.7,577.0,524.3,526.4,643.6,831.2,935.7,841.6,705.2,583.7,432.3
1997-01-29,291.4,215.5,197.7,192.5,195.6,234.2,450.1,646.6,667.2,615.7,581.0,591.4,653.2,647.0,576.5,523.8,525.8,642.9,830.5,934.8,840.8,704.5,583.2,431.8
1997-01-30,291.1,215.3,197.5,192.2,195.3,233.9,449.7,646.0,666.4,615.0,580.2,590.7,652.5,646.5,575.9,523.4,525.4,642.3,829.6,933.9,839.9,703.8,582.5,431.4
1997-01-31,290.7,215.1,197.3,192.1,195.2,233.8,449.2,645.4,665.9,614.5,579.8,590.2,651.8,645.7,575.3,522.7,524.8,641.5,828.8,932.8,839.0,703.1,581.9,431.0
1997-02-01,334.0,263.5,209.8,197.8,191.6,199.6,264.5,408.2,596.3,705.9,736.5,772.2,830.0,826.0,764.5,716.1,721.2,899.1,1043.2,1046.7,856.5,668.0,610.2,517.7
1997-02-02,389.0,280.1,224.3,204.7,192.7,192.1,203.8,248.8,440.4,689.1,866.7,1008.9,1028.5,860.9,677.4,580.2,530.9,625.4,778.1,877.0,796.7,674.4,570.9,421.2
1997-02-03,289.7,214.4,196.5,191.4,194.4,232.9,447.6,643.1,663.5,612.1,577.5,587.9,649.5,643.3,573.1,520.9,522.9,639.3,825.7,929.6,835.9,700.5,579.8,429.3
1997-02-04,289.3,214.0,196.2,191.0,194.1,232.6,447.0,642.1,662.5,611.3,576.7,587.2,648.6,642.5,572.4,520.2,522.1,638.4,824.6,928.3,834.8,699.6,579.0,428.8
1997-02-05,288.8,213.6,196.0,190.7,194.0,232.3,446.3,641.2,661.5,610.5,575.9,586.4,647.8,641.7,571.6,519.5,521.5,637.6,823.4,926.9,833.8,698.7,578.3,428.1
1997-02-06,288.4,213.4,195.7,190.6,193.6,231.9,445.6,640.4,660.7,609.6,575.0,585.4,646.7,640.6,570.8,518.7,520.7,636.5,822.3,925.6,832.4,697.6,577.5,427.6
1997-02-07,288.0,213.2,195.4,190.2,193.2,231.5,445.0,639.3,659.5,608.7,574.2,584.6,645.8,639.8,569.9,517.9,519.8,635.7,821.0,924.1,831.1,696.4,576.4,426.8
1997-02-08,330.8,261.0,207.7,195.8,189.7,197.7,261.9,404.3,590.5,699.0,729.2,764.6,821.9,818.0,756.9,709.3,714.0,890.4,1033.0,1036.5,848.1,661.5,604.3,512.5
1997-02-09,384.9,277.2,221.9,202.6,190.8,190.2,201.6,246.3,436.0,682.1,857.7,998.7,1018.0,852.1,670.3,574.2,525.4,619.0,770.2,868.1,788.6,667.4,565.0,416.7
1997-02-10,286.6,212.0,194.5,189.3,192.4,230.5,442.8,636.2,656.3,605.6,571.4,581.7,642.6,636.5,567.1,515.4,517.3,632.5,817.0,919.6,827.0,693.0,573.6,424.8
1997-02-11,286.1,211.7,194.1,189.0,192.0,230.1,442.0,635.1,655.2,604.7,570.3,580.6,641.4,635.3,566.1,514.4,516.4,631.4,815.5,918.0,825.6,691.8,572.6,424.0
1997-02-12,285.6,211.3,193.7,188.6,191.6,229.6,441.2,633.9,654.0,603.5,569.3,579.7,640.3,634.2,565.0,513.4,515.5,630.3,814.0,916.3,824.0,690.5,571.5,423.2
1997-02-13,285.0,210.9,193.4,188.2,191.2,229.2,440.4,632.7,652.8,602.4,568.2,578.5,639.1,633.1,564.0,512.6,514.4,629.0,812.6,914.5,822.5,689.3,570.5,422.3
1997-02-14,284.6,210.5,193.0,187.8,190.8,228.8,439.5,631.4,651.4,601.2,567.1,577.3,637.7,631.8,562.8,511.5,513.5,627.8,810.8,912.7,820.8,687.8,569.3,421.5
1997-02-15,326.5,257.6,205.0,193.4,187.3,195.2,258.6,399.1,583.0,690.1,720.0,754.8,811.3,807.4,747.3,700.2,704.8,879.0,1019.7,1023.3,837.2,653.1,596.5,506.2
1997-02-16,379.9,273.4,219.1,199.9,188.1,187.7,199.0,243.0,430.2,673.0,846.4,985.4,1004.6,840.9,661.6,566.7,518.6,610.9,760.1,856.7,778.2,658.6,557.7,411.2
1997-02-17,282.8,209.2,191.8,186.6,189.7,227.4,436.8,627.5,647.5,597.5,563.7,573.8,633.7,627.9,559.3,508.3,510.2,623.9,805.9,907.1,815.8,683.7,565.8,419.0
1997-02-18,282.2,208.7,191.4,186.2,189.3,226.8,436.0,626.2,646.0,596.2,562.5,572.6,632.5,626.4,558.1,507.2,509.1,622.4,804.1,905.1,814.0,682.1,564.7,418.1
1997-02-19,281.5,208.2,191.0,185.8,188.9,226.4,434.9,624.8,644.6,594.8,561.3,571.3,631.0,625.2,556.9,506.0,508.2,621.2,802.3,903.1,812.2,680.7,563.3,417.2
1997-02-20,280.8,207.7,190.5,185.4,188.4,225.8,433.9,623.3,643.1,593.5,559.8,570.0,629.6,623.7,555.7,504.9,507.0,619.8,800.5,901.1,810.4,679.1,562.0,416.2
1997-02-21,280.3,207.2,190.1,185.0,188.0,225.2,432.9,621.9,641.6,592.1,558.5,568.7,628.2,622.2,554.3,503.8,505.7,618.3,798.6,899.0,808.5,677.5,560.7,415.2
1997-02-22,321.5,253.6,201.8,190.3,184.4,192.1,254.6,392.9,573.9,679.4,708.9,743.2,798.8,795.1,735.8,689.3,694.0,865.5,1004.0,1007.5,824.5,643.0,587.5,498.2
1997-02-23,373.9,269.2,215.7,196.8,185.2,184.8,195.9,239.1,423.3,662.5,833.0,969.8,988.6,827.5,651.2,557.7,510.3,601.2,748.0,843.2,765.8,648.3,548.8,404.7
1997-02-24,278.1,205.8,188.6,183.7,186.7,223.7,429.8,617.4,637.0,587.7,554.5,564.6,623.6,617.8,550.3,500.1,502.1,613.8,792.9,892.4,802.6,672.6,556.6,412.2
1997-02-25,277.4,205.3,188.2,183.3,186.3,223.2,428.7,615.9,635.4,586.3,553.3,563.1,622.0,616.2,549.0,498.8,500.8,612.3,790.9,890.3,800.6,671.0,555.3,411.2
1997-02-26,276.8,204.6,187.8,182.8,185.7,222.4,427.6,614.3,633.8,584.8,551.7,561.7,620.4,614.7,547.5,497.5,499.5,610.8,788.9,887.9,798.6,669.2,553.9,410.1
1997-02-27,276.1,204.2,187.3,182.2,185.2,221.9,426.5,612.7,632.1,583.4,550.1,560.2,618.8,613.0,546.1,496.3,498.3,609.1,786.8,885.6,796.5,667.4,552.4,409.2
1997-02-28,275.3,203.7,186.7,181.8,184.7,221.4,425.3,611.0,630.3,581.8,548.9,558.7,617.1,611.4,544.7,495.0,496.8,607.4,784.7,883.2,794.4,665.7,551.1,408.0
1997-03-01,315.8,249.3,198.2,186.9,181.2,188.6,250.0,386.0,563.7,667.3,696.3,730.0,784.6,780.8,722.6,677.1,681.7,850.0,986.1,989.6,809.8,631.5,577.0,489.4
1997-03-02,367.1,264.2,211.6,193.3,181.9,181.4,192.3,234.8,415.8,650.4,818.0,952.4,970.7,812.5,639.3,547.6,501.1,590.3,734.5,827.9,752.0,636.5,538.8,397.3
1997-03-03,273.0,202.0,185.3,180.2,183.2,219.5,421.7,606.1,625.1,577.0,544.3,554.2,612.0,606.4,540.2,490.9,492.8,602.5,778.2,876.0,787.9,660.2,546.5,404.6
1997-03-04,272.3,201.3,184.6,179.8,182.7,218.9,420.7,604.3,623.5,575.4,542.8,552.6,610.4,604.7,538.6,489.6,491.4,600.7,776.1,873.4,785.7,658.3,544.9,403.4
1997-03-05,271.5,200.9,184.2,179.3,182.3,218.3,419.5,602.6,621.7,573.7,541.3,551.0,608.6,602.9,537.2,488.1,489.9,599.1,773.8,871.0,783.4,656.4,543.4,402.3
1997-03-06,270.7,200.2,183.6,178.8,181.6,217.7,418.2,600.9,619.9,571.9,539.7,549.4,606.9,601.2,535.6,486.7,488.6,597.4,771.6,868.6,781.2,654.6,541.8,401.2
1997-03-07,269.9,199.7,183.1,178.2,181.1,217.0,416.9,599.0,618.0,570.3,538.1,547.8,605.0,599.3,534.0,485.3,487.1,595.7,769.3,865.9,778.8,652.7,540.1,400.0
1997-03-08,309.4,244.3,194.4,183.2,177.6,184.9,245.1,378.3,552.5,654.1,682.5,715.4,768.9,765.5,708.2,663.6,668.1,833.1,966.6,969.9,793.7,618.9,565.4,479.7
1997-03-09,359.8,259.0,207.3,189.3,178.2,177.8,188.5,230.1,407.3,637.3,801.5,933.2,951.2,796.2,626.4,536.7,491.0,578.5,719.7,811.1,736.9,623.6,528.0,389.4
1997-03-10,267.4,197.9,181.4,176.6,179.5,215.0,413.3,593.7,612.5,565.3,533.2,542.9,599.5,593.9,529.3,480.9,482.7,590.2,762.4,858.1,771.8,646.8,535.2,396.4
1997-03-11,266.7,197.2,180.8,176.1,178.9,214.4,412.0,591.7,610.5,563.5,531.6,541.1,597.8,592.2,527.5,479.4,481.3,588.3,759.9,855.5,769.4,644.7,533.6,395.1
1997-03-12,265.8,196.7,180.3,175.6,178.4,213.7,410.7,590.0,608.6,561.7,529.9,539.5,595.8,590.3,525.9,477.9,479.8,586.5,757.6,852.8,767.0,642.6,531.9,393.9
1997-03-13,265.0,196.0,179.8,175.0,177.8,213.1,409.4,588.2,606.7,559.9,528.3,537.7,594.0,588.4,524.3,476.4,478.3,584.7,755.3,850.1,764.5,640.6,530.2,392.6
1997-03-14,264.2,195.4,179.1,174.4,177.2,212.3,408.1,586.2,604.7,558.1,526.4,536.0,592.1,586.6,522.6,474.9,476.7,582.9,752.8,847.3,762.1,638.6,528.6,391.4
1997-03-15,302.8,238.9,190.2,179.2,173.7,181.0,239.7,370.0,540.5,639.9,667.6,699.9,752.3,748.7,693.0,649.2,653.7,815.1,945.7,948.9,776.5,605.5,553.2,469.2
1997-03-16,352.0,253.2,202.8,185.2,174.3,173.8,184.4,225.0,398.4,623.4,784.0,912.7,930.3,778.7,612.6,524.9,480.3,565.7,703.9,793.4,720.7,610.0,516.5,380.9
1997-03-17,261.6,193.5,177.5,172.8,175.6,210.3,404.1,580.5,599.0,552.7,521.5,530.8,586.3,580.9,517.5,470.2,472.0,577.1,745.4,839.2,754.7,632.4,523.4,387.6
1997-03-18,260.8,192.7,176.8,172.1,174.9,209.6,402.7,578.5,596.9,550.8,519.6,529.1,584.5,578.9,515.8,468.7,470.4,575.3,743.1,836.5,752.1,630.3,521.7,386.2
1997-03-19,259.8,192.3,176.3,171.6,174.4,208.9,401.4,576.7,594.9,549.1,518.0,527.2,582.5,576.9,514.0,467.1,468.9,573.2,740.5,833.6,749.6,628.3,519.9,385.0
1997-03-20,259.0,191.5,175.6,171.0,173.7,208.3,400.0,574.7,592.9,547.1,516.2,525.5,580.5,575.0,512.3,465.5,467.3,571.3,738.0,830.8,747.1,626.1,518.2,383.7
1997-03-21,294.7,217.7,195.9,190.8,195.0,232.9,411.4,574.3,608.5,601.8,584.4,589.7,662.2,644.7,561.1,501.9,469.8,514.8,641.2,761.0,743.8,690.2,600.6,443.7
1997-03-22,322.6,248.4,204.9,193.1,190.2,199.2,258.3,411.3,572.0,663.4,720.1,757.9,800.1,782.8,711.5,655.8,646.3,703.0,808.4,873.6,795.6,649.9,611.2,513.9
1997-03-23,370.4,273.4,214.8,194.6,189.9,190.3,201.0,288.1,488.9,701.2,813.5,901.9,913.4,741.3,598.8,532.1,471.7,491.3,604.6,707.4,680.3,632.6,560.9,413.0
1997-03-24,291.7,215.4,193.9,188.8,193.0,230.5,407.0,568.2,602.2,595.5,578.4,583.7,655.3,638.1,555.3,496.7,464.9,509.6,634.6,753.2,736.2,683.1,594.4,439.1
1997-03-25,290.7,214.7,193.3,188.0,192.3,229.7,405.6,566.2,600.1,593.4,576.4,581.6,652.9,635.8,553.4,495.0,463.3,507.8,632.2,750.4,733.5,680.7,592.2,437.6
1997-03-26,289.7,213.9,192.6,187.6,191.6,228.9,404.1,564.2,597.9,591.4,574.4,579.6,650.6,633.5,551.4,493.2,461.6,505.9,630.0,747.7,730.9,678.3,590.3,436.2
1997-03-27,288.6,213.1,191.9,186.8,190.8,228.1,402.8,562.2,595.9,589.2,572.4,577.6,648.4,631.3,549.4,491.5,460.0,504.1,627.7,745.1,728.3,675.9,588.1,434.5
1997-03-28,363.9,268.6,211.0,191.1,186.3,186.7,197.5,283.1,480.4,689.0,799.2,886.1,897.4,728.2,588.5,522.6,463.4,482.6,594.0,695.0,668.3,621.5,551.1,405.8
1997-03-29,314.8,242.2,199.9,188.4,185.8,194.2,252.1,401.4,558.0,647.1,702.6,739.3,780.5,763.5,694.1,639.6,630.5,685.7,788.7,852.2,776.2,633.9,596.3,501.2
1997-03-30,361.2,266.6,209.4,189.8,185.1,185.5,196.0,281.0,476.8,684.0,793.5,879.7,890.9,722.9,584.2,518.8,460.0,479.0,589.8,690.0,663.4,617.1,547.3,402.9
1997-03-31,359.9,265.7,208.8,189.1,184.3,184.7,195.3,280.1,475.1,681.5,790.5,876.5,887.7,720.3,582.0,517.0,458.3,477.4,587.6,687.4,661.1,614.8,545.2,401.5
1997-04-01,283.5,209.4,188.4,183.6,187.5,223.9,395.5,552.1,585.1,578.6,562.1,567.2,636.7,619.9,539.6,482.8,451.8,495.1,616.5,731.8,715.2,663.9,577.6,426.6
1997-04-02,282.5,208.6,187.7,182.8,186.8,223.1,394.1,550.1,583.0,576.5,560.0,565.1,634.4,617.7,537.6,480.9,450.1,493.3,614.4,729.0,712.7,661.4,575.4,425.1
1997-04-03,281.4,207.8,187.1,182.0,186.1,222.3,392.6,548.0,580.7,574.4,557.8,562.9,632.0,615.3,535.5,479.1,448.4,491.4,611.9,726.3,710.0,658.8,573.3,423.6
1997-04-04,280.4,206.9,186.4,181.4,185.4,221.5,391.1,546.0,578.7,572.2,555.8,560.9,629.8,613.1,533.6,477.3,446.8,489.6,609.7,723.6,707.3,656.4,571.1,422.0
1997-04-05,306.7,236.1,194.8,183.5,181.0,189.3,245.6,391.1,543.8,630.6,684.7,720.6,760.6,744.1,676.3,623.4,614.4,668.4,768.5,830.4,756.4,617.7,581.0,488.5
1997-04-06,352.2,259.8,204.2,184.9,180.3,180.7,191.0,273.9,464.6,666.4,773.1,857.2,868.1,704.5,569.2,505.7,448.3,466.8,574.6,672.3,646.6,601.3,533.2,392.7
1997-04-07,277.2,204.6,184.3,179.3,183.4,219.1,386.9,539.9,572.3,565.8,549.6,554.6,622.7,606.2,527.7,472.0,441.8,484.2,602.9,715.6,699.4,649.1,564.9,417.2
1997-04-08,276.1,203.9,183.6,178.8,182.6,218.3,385.4,538.0,569.9,563.7,547.5,552.5,620.3,603.9,525.6,470.2,440.2,482.3,600.6,712.9,696.8,646.7,562.6,415.7
1997-04-09,275.1,203.1,182.9,178.0,181.9,217.4,383.9,535.8,567.9,561.6,545.5,550.5,618.0,601.7,523.7,468.6,438.6,480.6,598.3,710.2,694.2,644.2,560.5,414.0
1997-04-10,274.0,202.3,182.2,177.2,181.3,216.5,382.4,533.8,565.9,559.4,543.5,548.4,615.7,599.4,521.7,466.6,436.8,478.7,596.0,707.4,691.6,641.8,558.3,412.6
1997-04-11,273.0,201.6,181.5,176.8,180.6,215.7,380.9,531.8,563.5,557.4,541.4,546.3,613.3,597.1,519.7,464.9,435.2,476.8,593.8,704.9,688.8,639.4,556.4,411.0
1997-04-12,298.8,229.9,189.7,178.7,176.2,184.4,239.3,380.8,529.6,614.1,666.8,701.8,740.7,724.7,658.6,607.2,598.4,650.9,748.4,808.8,736.6,601.6,565.9,475.8
1997-04-13,342.9,253.0,198.8,180.1,175.5,175.9,186.0,266.7,452.5,649.1,753.0,834.8,845.4,686.1,554.3,492.4,436.5,454.6,559.6,654.7,629.6,585.6,519.3,382.3
1997-04-14,269.8,199.3,179.5,174.8,178.6,213.2,376.6,525.8,557.1,551.0,535.1,540.0,606.3,590.3,513.7,459.6,430.2,471.4,587.1,696.8,681.1,632.1,549.9,406.3
1997-04-15,268.8,198.5,178.7,174.0,177.8,212.5,375.1,523.7,555.1,549.0,533.0,537.9,603.9,588.0,511.8,457.8,428.6,469.7,584.8,694.0,678.4,629.7,547.9,404.8
1997-04-16,267.8,197.9,177.9,173.2,177.0,211.7,373.7,521.7,553.1,546.6,531.0,535.9,601.6,585.8,509.9,456.0,427.0,467.8,582.6,691.5,675.9,627.2,545.8,403.2
1997-04-17,266.8,197.1,177.5,172.8,176.6,210.9,372.3,519.7,550.7,544.6,529.0,533.8,599.2,583.4,507.9,454.4,425.4,466.1,580.3,688.9,673.4,624.9,543.6,401.7
1997-04-18,265.8,196.3,176.7,172.0,175.8,210.1,370.8,517.7,548.7,542.6,527.0,531.8,597.2,581.4,505.9,452.6,423.8,464.2,578.1,686.1,670.6,622.4,541.6,400.1
1997-04-19,290.8,223.8,184.6,173.9,171.4,179.4,232.9,370.7,515.6,597.9,649.1,683.2,721.1,705.5,641.2,591.1,582.5,633.7,728.6,787.4,717.1,585.7,551.1,463.2
1997-04-20,333.8,246.4,193.5,175.4,171.1,171.5,181.1,259.6,440.5,631.9,733.0,812.6,823.0,667.8,539.6,479.3,425.0,442.6,544.8,637.4,612.8,570.1,505.4,372.1
1997-04-21,262.6,194.0,174.7,170.0,173.8,207.7,366.6,511.7,542.3,536.3,521.0,525.7,590.2,574.6,500.1,447.4,418.8,459.0,571.5,678.3,663.0,615.2,535.4,395.5
1997-04-22,261.7,193.3,173.9,169.2,173.0,206.8,365.1,509.9,540.3,534.2,519.0,523.7,587.9,572.4,498.3,445.6,417.2,457.1,569.2,675.6,660.4,612.8,533.2,394.0
1997-04-23,260.7,192.5,173.4,168.8,172.5,206.1,363.8,507.9,538.3,532.2,517.0,521.7,585.6,570.2,496.3,444.0,415.6,455.4,567.1,673.1,658.0,610.6,531.3,392.6
1997-04-24,259.8,191.8,172.7,168.0,171.8,205.3,362.4,506.0,536.3,530.2,515.0,519.7,583.4,568.1,494.5,442.2,414.0,453.7,565.0,670.5,655.4,608.2,529.2,390.9
1997-04-25,258.8,191.1,172.0,167.6,171.1,204.5,361.0,504.0,534.0,528.2,513.0,517.6,581.1,565.8,492.5,440.6,412.4,451.9,562.8,668.0,652.9,605.8,527.3,389.4
1997-04-26,283.1,217.8,179.7,169.5,167.0,174.8,226.7,360.9,502.0,581.9,631.8,664.9,701.8,686.8,624.1,575.4,567.1,616.9,709.2,766.4,698.1,570.2,536.3,450.8
1997-04-27,325.0,239.9,188.4,170.7,166.3,166.7,176.2,252.6,428.7,615.0,713.5,791.0,801.1,650.0,525.3,466.5,413.7,430.9,530.3,620.5,596.6,554.9,492.0,362.3
1997-04-28,255.7,188.8,170.1,165.6,169.2,202.1,356.9,498.2,527.9,522.1,507.2,511.8,574.5,559.4,486.9,435.5,407.7,446.7,556.3,660.3,645.4,598.9,521.1,385.0
1997-04-29,254.8,188.1,169.4,164.8,168.5,201.4,355.4,496.3,525.9,520.1,505.2,509.8,572.3,557.2,485.0,433.9,406.1,445.0,554.1,657.7,643.0,596.7,519.1,383.4
1997-04-30,253.8,187.4,168.8,164.4,167.9,200.6,354.2,494.4,523.9,518.1,503.3,507.8,570.2,555.1,483.2,432.2,404.6,443.3,552.2,655.2,640.6,594.4,517.3,382.1
1997-05-01,320.1,236.1,185.6,168.1,163.9,164.3,173.6,248.9,422.3,605.7,702.7,779.0,788.9,640.2,517.3,459.5,407.4,424.3,522.2,611.0,587.6,546.4,484.6,356.8
1997-05-02,251.9,186.0,167.4,163.1,166.6,199.0,351.5,490.7,519.9,514.2,499.4,503.9,565.8,550.9,479.5,429.0,401.5,440.0,547.8,650.3,635.6,589.8,513.3,379.2
1997-05-03,275.5,212.2,175.0,165.0,162.6,170.2,220.7,351.4,488.6,566.7,615.2,647.5,683.4,668.7,607.7,560.2,552.2,600.5,690.5,746.3,679.7,555.0,522.1,438.9
1997-05-04,316.4,233.4,183.5,166.2,161.9,162.3,171.7,246.1,417.5,598.7,694.7,770.2,780.2,633.0,511.5,454.3,402.8,419.5,516.3,604.0,580.9,540.3,479.0,352.7
1997-05-05,249.0,184.0,165.5,161.2,164.8,196.8,347.6,485.2,514.1,508.4,493.8,498.3,559.5,544.7,474.1,424.0,396.9,435.0,541.8,643.0,628.4,583.3,507.5,375.0
1997-05-06,248.1,183.2,164.9,160.6,164.1,196.0,346.2,483.3,512.3,506.5,491.9,496.4,557.3,542.7,472.3,422.4,395.6,433.3,539.7,640.6,626.0,581.0,505.6,373.5
1997-05-07,247.2,182.4,164.3,160.0,163.6,195.4,344.9,481.4,510.3,504.6,490.2,494.6,555.2,540.7,470.5,420.9,394.0,431.8,537.8,638.2,623.8,578.9,503.7,372.1
1997-05-08,311.6,230.0,180.8,163.7,159.5,159.9,169.1,242.3,411.3,589.9,684.5,758.8,768.5,623.5,503.8,447.5,396.8,413.3,508.7,595.1,572.2,532.3,471.9,347.6
1997-05-09,245.4,181.2,163.1,158.8,162.4,193.8,342.3,478.0,506.5,500.9,486.5,491.0,551.1,536.7,467.2,417.8,391.2,428.7,533.7,633.5,619.1,574.6,500.0,369.4
1997-05-10,268.5,206.6,170.4,160.6,158.5,165.8,215.0,342.3,476.1,552.1,599.3,630.7,665.8,651.4,592.0,545.8,537.8,585.0,672.8,727.0,662.2,540.8,508.6,427.6
1997-05-11,308.2,227.5,178.8,161.9,157.9,158.3,167.3,239.7,406.8,583.4,676.9,750.3,760.1,616.6,498.3,442.7,392.5,408.7,503.0,588.6,566.0,526.4,466.7,343.8
1997-05-12,242.7,179.2,161.3,157.1,160.5,191.7,338.6,472.8,500.9,495.4,481.2,485.6,545.1,530.9,462.0,413.3,386.8,423.9,527.8,626.5,612.4,568.3,494.4,365.4
1997-05-13,241.8,178.6,160.8,156.4,160.0,191.0,337.4,471.0,499.1,493.7,479.5,483.8,543.1,528.9,460.4,411.7,385.4,422.4,525.9,624.2,610.2,566.2,492.7,364.0
1997-05-14,241.0,177.9,160.2,156.0,159.4,190.4,336.2,469.3,497.3,491.8,477.6,482.0,541.2,527.0,458.6,410.2,384.0,420.9,524.1,622.0,608.0,564.2,490.9,362.7
1997-05-15,265.3,197.6,179.3,169.0,175.9,213.6,353.0,467.7,510.6,519.3,501.9,511.7,568.8,550.5,475.0,428.2,413.8,441.6,512.5,595.3,600.6,567.9,520.9,404.0
1997-05-16,264.4,197.0,178.9,168.4,175.3,212.7,351.6,466.0,508.7,517.5,500.2,510.0,566.8,548.5,473.4,426.6,412.3,440.0,510.7,593.2,598.2,565.8,519.1,402.6
1997-05-17,297.1,230.3,187.4,179.1,180.8,184.9,228.0,333.3,459.4,557.5,590.1,612.5,652.0,629.9,562.6,531.1,518.4,533.2,596.0,645.6,618.8,550.6,531.9,446.1
1997-05-18,319.6,237.8,194.2,180.5,178.3,174.0,183.1,248.0,401.1,571.6,665.6,733.7,747.2,625.6,513.9,443.6,386.6,390.7,451.7,542.2,568.7,536.8,500.1,385.5
1997-05-19,318.5,236.8,193.7,179.8,177.5,173.4,182.5,247.0,399.7,569.6,663.3,731.3,744.5,623.5,512.0,442.2,385.2,389.4,450.2,540.4,566.7,535.0,498.4,384.1
1997-05-20,260.7,194.3,176.3,166.1,172.9,209.9,346.8,459.6,501.6,510.3,493.3,502.8,559.0,540.8,466.8,420.8,406.6,433.8,503.7,585.0,590.0,558.1,511.9,397.0
1997-05-21,259.9,193.5,175.7,165.4,172.3,209.2,345.6,458.0,500.0,508.6,491.6,501.1,557.0,539.1,465.1,419.3,405.1,432.4,502.0,583.1,588.0,556.1,510.2,395.7
1997-05-22,258.9,192.8,175.1,165.0,171.7,208.5,344.5,456.4,498.4,506.9,489.9,499.4,555.2,537.3,463.6,418.0,403.8,431.0,500.3,581.1,586.1,554.2,508.4,394.3
1997-05-23,258.1,192.2,174.5,164.3,171.1,207.7,343.2,454.9,496.5,505.2,488.2,497.7,553.4,535.4,462.0,416.4,402.5,429.6,498.6,579.0,584.1,552.4,506.8,393.0
1997-05-24,290.1,224.8,182.9,174.8,176.5,180.6,222.7,325.3,448.6,544.2,576.2,598.0,636.5,615.0,549.3,518.5,506.1,520.5,581.8,630.3,604.3,537.6,519.3,435.5
1997-05-25,312.2,232.1,189.7,176.2,174.1,169.9,178.8,242.2,391.7,558.2,650.0,716.6,729.6,610.8,501.8,433.3,377.4,381.6,441.2,529.6,555.4,524.2,488.3,376.5
1997-05-26,255.5,190.3,172.8,162.7,169.5,205.7,339.9,450.4,491.7,500.2,483.5,492.9,547.9,530.2,457.5,412.3,398.5,425.3,493.6,573.5,578.4,547.0,501.7,389.2
1997-05-27,254.7,189.7,172.3,162.2,169.0,205.0,338.8,449.0,490.1,498.6,481.9,491.3,546.1,528.6,456.1,411.1,397.3,423.9,492.0,571.5,576.4,545.1,500.1,388.0
1997-05-28,253.8,189.1,171.7,161.7,168.3,204.5,337.7,447.5,488.5,497.0,480.3,489.6,544.4,526.7,454.6,409.8,395.9,422.7,490.5,569.7,574.7,543.4,498.5,386.6
1997-05-29,308.2,229.2,187.3,174.1,171.9,167.7,176.5,239.1,386.7,551.1,641.7,707.4,720.2,603.1,495.4,427.7,372.7,376.7,435.6,522.9,548.2,517.5,482.1,371.6
1997-05-30,252.4,187.9,170.7,160.7,167.3,203.3,335.6,444.6,485.5,493.9,477.4,486.7,540.9,523.5,451.7,407.2,393.5,420.0,487.4,566.1,571.0,540.1,495.4,384.2
1997-05-31,251.5,187.4,170.1,160.2,166.7,202.5,334.7,443.4,484.0,492.4,475.9,485.1,539.3,521.8,450.5,406.0,392.3,418.7,485.9,564.5,569.3,538.4,493.9,383.1
